Order_ID,Date,Product,Category,Region,Quantity,Unit_Price,Sales,Month
1001,2026-01-09,Laptop,Electronics,East,5,32380.89,161904.45,2026-01
1002,2026-09-17,Laptop,Electronics,East,8,12498.57,99988.56,2026-09
1003,2026-06-13,Laptop,Electronics,East,10,52676.84,526768.4,2026-06
1004,2026-05-25,Laptop,Electronics,North,10,52159.43,521594.3,2026-05
1005,2026-08-21,Laptop,Electronics,North,4,126215.04,504860.16,2026-08
1006,2026-02-09,Laptop,Electronics,North,4,97809.16,391236.64,2026-02
1007,2026-07-25,Laptop,Electronics,South,10,33671.26,336712.6,2026-07
1008,2026-08-13,Laptop,Electronics,North,10,21568.6,215686.0,2026-08
1009,2026-06-05,Laptop,Electronics,West,4,86701.85,346807.4,2026-06
1010,2026-03-21,Laptop,Electronics,West,5,61912.62,309563.1,2026-03
1011,2026-06-09,Laptop,Electronics,East,4,122689.48,490757.92,2026-06
1012,2026-04-25,Laptop,Electronics,South,4,131685.95,526743.8,2026-04
1013,2026-05-05,Laptop,Electronics,West,6,42452.36,254714.16,2026-05
1014,2026-02-09,Laptop,Electronics,North,4,70897.2,283588.8,2026-02
1015,2026-04-25,Laptop,Electronics,West,7,31015.06,217105.42,2026-04
1016,2026-03-05,Laptop,Electronics,North,7,22495.85,157470.95,2026-03
1017,2026-03-25,Laptop,Electronics,North,4,37112.9,148451.6,2026-03
1018,2026-07-17,Laptop,Electronics,East,9,27915.34,251238.06,2026-07
1019,2026-07-25,Laptop,Electronics,South,5,76200.36,381001.8,2026-07
1020,2026-02-21,Laptop,Electronics,West,7,76442.3,535096.1,2026-02
1021,2026-02-13,Laptop,Electronics,East,7,88981.52,622870.64,2026-02
1022,2026-04-17,Laptop,Electronics,North,5,105923.34,529616.7,2026-04
1023,2026-03-05,Laptop,Electronics,South,5,58265.94,291329.7,2026-03
1024,2026-05-09,Laptop,Electronics,West,9,46763.42,420870.78,2026-05
1025,2026-09-25,Laptop,Electronics,East,3,54491.42,163474.26,2026-09
1026,2026-08-13,Laptop,Electronics,East,5,72971.55,364857.75,2026-08
1027,2026-01-05,Laptop,Electronics,North,5,76273.38,381366.9,2026-01
1028,2026-08-21,Laptop,Electronics,North,5,35264.62,176323.1,2026-08
1029,2026-04-25,Laptop,Electronics,East,2,191904.7,383809.4,2026-04
1030,2026-06-21,Laptop,Electronics,North,10,26982.22,269822.2,2026-06
1031,2026-09-21,Laptop,Electronics,East,5,29397.68,146988.4,2026-09
1032,2026-03-17,Laptop,Electronics,North,6,47708.52,286251.12,2026-03
1033,2026-08-13,Laptop,Electronics,East,4,78203.54,312814.16,2026-08
1034,2026-04-17,Laptop,Electronics,South,7,47608.85,333261.95,2026-04
1035,2026-02-05,Laptop,Electronics,West,6,32053.2,192319.2,2026-02
1036,2026-07-21,Laptop,Electronics,West,4,66123.53,264494.12,2026-07
1037,2026-04-17,Laptop,Electronics,West,8,55634.13,445073.04,2026-04
1038,2026-04-09,Laptop,Electronics,South,6,83079.06,498474.36,2026-04
1039,2026-09-13,Laptop,Electronics,West,7,16844.95,117914.65,2026-09
1040,2026-05-13,Laptop,Electronics,West,9,39688.01,357192.09,2026-05
1041,2026-08-17,Laptop,Electronics,South,4,104113.61,416454.44,2026-08
1042,2026-09-17,Laptop,Electronics,South,5,81134.76,405673.8,2026-09
1043,2026-01-25,Laptop,Electronics,North,4,44021.34,176085.36,2026-01
1044,2026-05-13,Laptop,Electronics,West,5,80865.95,404329.75,2026-05
1045,2026-01-17,Laptop,Electronics,West,4,72046.16,288184.64,2026-01
1046,2026-05-17,Laptop,Electronics,West,10,25155.96,251559.6,2026-05
1047,2026-07-21,Laptop,Electronics,West,6,49886.26,299317.56,2026-07
1048,2026-07-25,Laptop,Electronics,West,3,67531.63,202594.89,2026-07
1049,2026-03-17,Laptop,Electronics,North,7,21250.34,148752.38,2026-03
1050,2026-01-25,Laptop,Electronics,North,5,76716.18,383580.9,2026-01
1051,2026-06-13,Laptop,Electronics,West,4,69271.87,277087.48,2026-06
1052,2026-09-25,Laptop,Electronics,North,8,30966.92,247735.36,2026-09
1053,2026-06-17,Laptop,Electronics,North,6,89914.91,539489.46,2026-06
1054,2026-08-21,Laptop,Electronics,North,7,55572.88,389010.16,2026-08
1055,2026-05-17,Laptop,Electronics,West,5,90192.64,450963.2,2026-05
1056,2026-09-09,Laptop,Electronics,West,6,16550.77,99304.62,2026-09
1057,2026-03-25,Laptop,Electronics,North,4,78064.63,312258.52,2026-03
1058,2026-09-13,Laptop,Electronics,East,4,33031.4,132125.6,2026-09
1059,2026-08-21,Laptop,Electronics,North,7,51555.21,360886.47,2026-08
1060,2026-05-25,Laptop,Electronics,South,10,43900.34,439003.4,2026-05
1061,2026-01-13,Laptop,Electronics,South,5,62476.33,312381.65,2026-01
1062,2026-07-21,Laptop,Electronics,South,3,137535.94,412607.82,2026-07
1063,2026-03-09,Smartphone,Electronics,South,8,21950.86,175606.88,2026-03
1064,2026-05-17,Smartphone,Electronics,East,3,39076.9,117230.7,2026-05
1065,2026-06-17,Smartphone,Electronics,North,10,14752.26,147522.6,2026-06
1066,2026-04-25,Smartphone,Electronics,South,6,49868.96,299213.76,2026-04
1067,2026-02-21,Smartphone,Electronics,West,8,20820.37,166562.96,2026-02
1068,2026-08-13,Smartphone,Electronics,North,5,31345.97,156729.85,2026-08
1069,2026-04-21,Smartphone,Electronics,West,7,20013.6,140095.2,2026-04
1070,2026-02-25,Smartphone,Electronics,West,4,36319.88,145279.52,2026-02
1071,2026-07-17,Smartphone,Electronics,East,3,50170.67,150512.01,2026-07
1072,2026-07-21,Smartphone,Electronics,North,10,14417.31,144173.1,2026-07
1073,2026-03-05,Smartphone,Electronics,North,4,23632.41,94529.64,2026-03
1074,2026-09-17,Smartphone,Electronics,West,7,9828.07,68796.49,2026-09
1075,2026-03-17,Smartphone,Electronics,East,4,45546.54,182186.16,2026-03
1076,2026-06-05,Smartphone,Electronics,West,7,18877.57,132142.99,2026-06
1077,2026-05-21,Smartphone,Electronics,West,5,32228.85,161144.25,2026-05
1078,2026-01-09,Smartphone,Electronics,South,7,30459.64,213217.48,2026-01
1079,2026-04-05,Smartphone,Electronics,West,3,64859.27,194577.81,2026-04
1080,2026-09-09,Smartphone,Electronics,East,8,14055.36,112442.88,2026-09
1081,2026-09-25,Smartphone,Electronics,East,3,14461.04,43383.12,2026-09
1082,2026-09-17,Smartphone,Electronics,West,10,7702.3,77023.0,2026-09
1083,2026-06-13,Smartphone,Electronics,East,5,20705.54,103527.7,2026-06
1084,2026-08-21,Smartphone,Electronics,West,3,56214.97,168644.91,2026-08
1085,2026-06-09,Smartphone,Electronics,West,3,31808.06,95424.18,2026-06
1086,2026-03-13,Smartphone,Electronics,East,1,149131.21,149131.21,2026-03
1087,2026-02-13,Smartphone,Electronics,West,6,17915.24,107491.44,2026-02
1088,2026-02-21,Smartphone,Electronics,East,6,30193.54,181161.24,2026-02
1089,2026-01-13,Smartphone,Electronics,East,3,41872.27,125616.81,2026-01
1090,2026-01-09,Smartphone,Electronics,North,9,14961.79,134656.11,2026-01
1091,2026-04-25,Smartphone,Electronics,East,5,52152.15,260760.75,2026-04
1092,2026-01-09,Smartphone,Electronics,South,2,77780.96,155561.92,2026-01
1093,2026-05-25,Smartphone,Electronics,South,5,66612.17,333060.85,2026-05
1094,2026-06-05,Smartphone,Electronics,South,7,42180.32,295262.24,2026-06
1095,2026-07-05,Smartphone,Electronics,North,2,75691.22,151382.44,2026-07
1096,2026-03-13,Smartphone,Electronics,East,7,12516.94,87618.58,2026-03
1097,2026-08-09,Smartphone,Electronics,West,3,33497.24,100491.72,2026-08
1098,2026-09-17,Smartphone,Electronics,South,4,38458.82,153835.28,2026-09
1099,2026-09-25,Smartphone,Electronics,North,2,51180.66,102361.32,2026-09
1100,2026-08-25,Smartphone,Electronics,West,4,42643.84,170575.36,2026-08
1101,2026-09-25,Smartphone,Electronics,West,2,50000.68,100001.36,2026-09
1102,2026-06-05,Smartphone,Electronics,West,6,15406.19,92437.14,2026-06
1103,2026-04-05,Smartphone,Electronics,North,6,44945.75,269674.5,2026-04
1104,2026-09-25,Smartphone,Electronics,West,4,21995.69,87982.76,2026-09
1105,2026-06-05,Smartphone,Electronics,South,2,138986.03,277972.06,2026-06
1106,2026-09-09,Smartphone,Electronics,North,5,22130.67,110653.35,2026-09
1107,2026-09-05,Smartphone,Electronics,North,3,31237.52,93712.56,2026-09
1108,2026-04-13,Smartphone,Electronics,East,5,21098.21,105491.05,2026-04
1109,2026-04-21,Smartphone,Electronics,South,9,41331.82,371986.38,2026-04
1110,2026-06-25,Smartphone,Electronics,South,4,96657.65,386630.6,2026-06
1111,2026-07-09,Smartphone,Electronics,North,8,21160.03,169280.24,2026-07
1112,2026-04-17,Smartphone,Electronics,East,2,118773.24,237546.48,2026-04
1113,2026-02-05,Smartphone,Electronics,South,5,73018.0,365090.0,2026-02
1114,2026-08-25,Smartphone,Electronics,East,6,29543.7,177262.2,2026-08
1115,2026-03-13,Smartphone,Electronics,West,5,20799.56,103997.8,2026-03
1116,2026-07-13,Smartphone,Electronics,North,7,16302.68,114118.76,2026-07
1117,2026-08-13,Tablet,Electronics,North,9,12379.17,111412.53,2026-08
1118,2026-09-09,Tablet,Electronics,South,7,17266.08,120862.56,2026-09
1119,2026-09-05,Tablet,Electronics,West,4,23597.2,94388.8,2026-09
1120,2026-01-05,Tablet,Electronics,North,3,54883.77,164651.31,2026-01
1121,2026-01-21,Tablet,Electronics,North,4,24983.82,99935.28,2026-01
1122,2026-08-05,Tablet,Electronics,South,2,75001.91,150003.82,2026-08
1123,2026-09-09,Tablet,Electronics,South,4,31522.08,126088.32,2026-09
1124,2026-04-17,Tablet,Electronics,West,3,23058.47,69175.41,2026-04
1125,2026-08-13,Tablet,Electronics,West,5,34352.84,171764.2,2026-08
1126,2026-02-09,Tablet,Electronics,North,4,31245.51,124982.04,2026-02
1127,2026-07-05,Tablet,Electronics,South,5,24166.95,120834.75,2026-07
1128,2026-04-25,Tablet,Electronics,East,3,41670.75,125012.25,2026-04
1129,2026-03-21,Tablet,Electronics,East,6,9760.36,58562.16,2026-03
1130,2026-09-09,Tablet,Electronics,East,1,74929.88,74929.88,2026-09
1131,2026-05-05,Tablet,Electronics,East,1,136366.66,136366.66,2026-05
1132,2026-06-13,Tablet,Electronics,West,5,22148.09,110740.45,2026-06
1133,2026-07-13,Tablet,Electronics,West,3,37540.51,112621.53,2026-07
1134,2026-06-21,Tablet,Electronics,West,5,20376.95,101884.75,2026-06
1135,2026-08-21,Tablet,Electronics,East,5,18828.12,94140.6,2026-08
1136,2026-05-17,Tablet,Electronics,East,6,29319.74,175918.44,2026-05
1137,2026-08-05,Tablet,Electronics,East,4,39240.73,156962.92,2026-08
1138,2026-02-13,Tablet,Electronics,East,5,38401.81,192009.05,2026-02
1139,2026-06-25,Tablet,Electronics,East,4,21130.72,84522.88,2026-06
1140,2026-09-13,Tablet,Electronics,West,6,13615.24,81691.44,2026-09
1141,2026-08-05,Tablet,Electronics,South,4,50396.04,201584.16,2026-08
1142,2026-09-21,Tablet,Electronics,East,7,8776.8,61437.6,2026-09
1143,2026-03-13,Tablet,Electronics,South,1,150808.52,150808.52,2026-03
1144,2026-03-09,Tablet,Electronics,East,4,19815.93,79263.72,2026-03
1145,2026-04-09,Tablet,Electronics,East,2,41752.18,83504.36,2026-04
1146,2026-06-17,Tablet,Electronics,South,7,20265.47,141858.29,2026-06
1147,2026-03-09,Tablet,Electronics,West,3,27039.83,81119.49,2026-03
1148,2026-09-05,Tablet,Electronics,North,6,10008.38,60050.28,2026-09
1149,2026-04-13,Tablet,Electronics,East,4,57426.94,229707.76,2026-04
1150,2026-03-25,Tablet,Electronics,West,5,10384.32,51921.6,2026-03
1151,2026-05-25,Tablet,Electronics,South,8,25251.7,202013.6,2026-05
1152,2026-05-25,Tablet,Electronics,West,9,20707.61,186368.49,2026-05
1153,2026-01-25,Tablet,Electronics,West,4,37167.54,148670.16,2026-01
1154,2026-02-21,Tablet,Electronics,South,4,78056.52,312226.08,2026-02
1155,2026-01-17,Tablet,Electronics,South,6,26129.25,156775.5,2026-01
1156,2026-07-13,Tablet,Electronics,East,5,11589.47,57947.35,2026-07
1157,2026-05-25,Tablet,Electronics,West,3,61758.69,185276.07,2026-05
1158,2026-08-21,Tablet,Electronics,South,4,26965.44,107861.76,2026-08
1159,2026-07-21,Tablet,Electronics,West,5,20074.59,100372.95,2026-07
1160,2026-03-05,Tablet,Electronics,East,4,29279.58,117118.32,2026-03
1161,2026-09-09,Desk,Furniture,South,5,11981.55,59907.75,2026-09
1162,2026-07-25,Desk,Furniture,East,5,5907.49,29537.45,2026-07
1163,2026-08-21,Desk,Furniture,North,3,20385.44,61156.32,2026-08
1164,2026-05-05,Desk,Furniture,North,5,7755.9,38779.5,2026-05
1165,2026-02-21,Desk,Furniture,North,7,4787.58,33513.06,2026-02
1166,2026-01-17,Desk,Furniture,West,5,6525.34,32626.7,2026-01
1167,2026-08-13,Desk,Furniture,South,3,28749.02,86247.06,2026-08
1168,2026-07-17,Desk,Furniture,South,5,15164.91,75824.55,2026-07
1169,2026-06-13,Desk,Furniture,East,10,7697.69,76976.9,2026-06
1170,2026-04-13,Desk,Furniture,South,8,8044.63,64357.04,2026-04
1171,2026-08-21,Desk,Furniture,North,2,37817.48,75634.96,2026-08
1172,2026-05-09,Desk,Furniture,North,5,12117.2,60586.0,2026-05
1173,2026-06-25,Desk,Furniture,South,6,17254.78,103528.68,2026-06
1174,2026-03-05,Desk,Furniture,South,5,7442.84,37214.2,2026-03
1175,2026-07-13,Desk,Furniture,East,6,4757.14,28542.84,2026-07
1176,2026-07-21,Desk,Furniture,South,5,12904.73,64523.65,2026-07
1177,2026-09-21,Desk,Furniture,West,4,8123.66,32494.64,2026-09
1178,2026-08-13,Desk,Furniture,East,7,10572.83,74009.81,2026-08
1179,2026-05-09,Desk,Furniture,South,2,44637.98,89275.96,2026-05
1180,2026-04-21,Desk,Furniture,West,4,6650.44,26601.76,2026-04
1181,2026-01-13,Desk,Furniture,North,3,11978.89,35936.67,2026-01
1182,2026-09-05,Desk,Furniture,North,2,8980.22,17960.44,2026-09
1183,2026-09-25,Desk,Furniture,West,8,1914.2,15313.6,2026-09
1184,2026-02-09,Desk,Furniture,South,5,21681.89,108409.45,2026-02
1185,2026-01-05,Desk,Furniture,North,5,12715.91,63579.55,2026-01
1186,2026-07-25,Desk,Furniture,West,7,6260.28,43821.96,2026-07
1187,2026-02-09,Desk,Furniture,North,3,15085.02,45255.06,2026-02
1188,2026-05-17,Desk,Furniture,East,3,19890.43,59671.29,2026-05
1189,2026-08-17,Desk,Furniture,East,5,14217.15,71085.75,2026-08
1190,2026-03-17,Desk,Furniture,South,8,7878.01,63024.08,2026-03
1191,2026-09-05,Desk,Furniture,West,9,2034.51,18310.59,2026-09
1192,2026-09-13,Desk,Furniture,West,7,3224.21,22569.47,2026-09
1193,2026-09-05,Desk,Furniture,West,5,4578.75,22893.75,2026-09
1194,2026-03-21,Desk,Furniture,North,3,20404.04,61212.12,2026-03
1195,2026-06-05,Desk,Furniture,South,6,16865.19,101191.14,2026-06
1196,2026-03-13,Desk,Furniture,North,4,14591.61,58366.44,2026-03
1197,2026-06-25,Desk,Furniture,South,6,11245.04,67470.24,2026-06
1198,2026-09-09,Desk,Furniture,West,7,2764.1,19348.7,2026-09
1199,2026-06-09,Desk,Furniture,South,5,22650.88,113254.4,2026-06
1200,2026-08-05,Desk,Furniture,South,5,11883.31,59416.55,2026-08
1201,2026-08-09,Desk,Furniture,South,10,9800.07,98000.7,2026-08
1202,2026-04-17,Desk,Furniture,South,5,23177.51,115887.55,2026-04
1203,2026-04-13,Desk,Furniture,East,3,13267.1,39801.3,2026-04
1204,2026-08-13,Desk,Furniture,West,8,7415.41,59323.28,2026-08
1205,2026-07-25,Desk,Furniture,West,5,10068.19,50340.95,2026-07
1206,2026-03-09,Desk,Furniture,East,6,9442.57,56655.42,2026-03
1207,2026-04-17,Desk,Furniture,North,5,7833.84,39169.2,2026-04
1208,2026-06-25,Desk,Furniture,East,5,11464.15,57320.75,2026-06
1209,2026-02-13,Desk,Furniture,North,3,13301.87,39905.61,2026-02
1210,2026-05-05,Desk,Furniture,North,2,35502.75,71005.5,2026-05
1211,2026-02-05,Desk,Furniture,South,5,14371.29,71856.45,2026-02
1212,2026-07-21,Monitor,Electronics,North,10,3594.08,35940.8,2026-07
1213,2026-03-13,Monitor,Electronics,East,1,46083.73,46083.73,2026-03
1214,2026-04-13,Monitor,Electronics,West,5,15023.63,75118.15,2026-04
1215,2026-04-17,Monitor,Electronics,East,4,9995.78,39983.12,2026-04
1216,2026-01-17,Monitor,Electronics,South,4,25017.56,100070.24,2026-01
1217,2026-05-05,Monitor,Electronics,North,6,12216.77,73300.62,2026-05
1218,2026-07-09,Monitor,Electronics,North,7,4005.35,28037.45,2026-07
1219,2026-09-21,Monitor,Electronics,East,7,5712.09,39984.63,2026-09
1220,2026-06-09,Monitor,Electronics,West,5,6937.13,34685.65,2026-06
1221,2026-09-25,Monitor,Electronics,East,7,5145.06,36015.42,2026-09
1222,2026-06-21,Monitor,Electronics,North,3,16206.12,48618.36,2026-06
1223,2026-09-13,Monitor,Electronics,West,3,7153.63,21460.89,2026-09
1224,2026-01-13,Monitor,Electronics,South,2,45697.64,91395.28,2026-01
1225,2026-07-13,Monitor,Electronics,West,3,7029.53,21088.59,2026-07
1226,2026-03-17,Monitor,Electronics,South,4,15541.15,62164.6,2026-03
1227,2026-01-25,Monitor,Electronics,South,7,6860.02,48020.14,2026-01
1228,2026-02-05,Monitor,Electronics,South,7,20639.2,144474.4,2026-02
1229,2026-09-05,Monitor,Electronics,West,9,3591.6,32324.4,2026-09
1230,2026-04-05,Monitor,Electronics,East,3,22537.78,67613.34,2026-04
1231,2026-09-05,Monitor,Electronics,South,7,7697.88,53885.16,2026-09
1232,2026-04-25,Monitor,Electronics,South,3,36408.22,109224.66,2026-04
1233,2026-01-21,Monitor,Electronics,East,3,9643.54,28930.62,2026-01
1234,2026-03-13,Monitor,Electronics,South,10,3785.97,37859.7,2026-03
1235,2026-06-09,Monitor,Electronics,South,5,10813.53,54067.65,2026-06
1236,2026-08-05,Monitor,Electronics,East,4,8392.28,33569.12,2026-08
1237,2026-04-13,Monitor,Electronics,West,4,18299.34,73197.36,2026-04
1238,2026-02-09,Monitor,Electronics,East,6,13400.72,80404.32,2026-02
1239,2026-09-21,Monitor,Electronics,South,5,11056.41,55282.05,2026-09
1240,2026-01-17,Monitor,Electronics,North,3,13771.55,41314.65,2026-01
1241,2026-03-21,Monitor,Electronics,North,5,9685.6,48428.0,2026-03
1242,2026-01-21,Monitor,Electronics,East,5,13045.07,65225.35,2026-01
1243,2026-02-05,Monitor,Electronics,West,4,18001.74,72006.96,2026-02
1244,2026-09-09,Monitor,Electronics,West,5,2949.62,14748.1,2026-09
1245,2026-04-21,Monitor,Electronics,South,4,27494.63,109978.52,2026-04
1246,2026-08-25,Monitor,Electronics,South,5,16628.11,83140.55,2026-08
1247,2026-02-21,Monitor,Electronics,East,3,33432.35,100297.05,2026-02
1248,2026-06-05,Monitor,Electronics,West,6,10675.71,64054.26,2026-06
1249,2026-05-25,Monitor,Electronics,East,6,5788.17,34729.02,2026-05
1250,2026-02-13,Monitor,Electronics,East,2,41524.69,83049.38,2026-02
1251,2026-03-21,Monitor,Electronics,East,6,6972.08,41832.48,2026-03
1252,2026-02-09,Monitor,Electronics,West,2,37937.4,75874.8,2026-02
1253,2026-05-05,Office Chair,Furniture,North,8,4667.77,37342.16,2026-05
1254,2026-01-17,Office Chair,Furniture,South,4,12428.31,49713.24,2026-01
1255,2026-04-25,Office Chair,Furniture,South,10,9913.06,99130.6,2026-04
1256,2026-01-05,Office Chair,Furniture,East,4,6840.58,27362.32,2026-01
1257,2026-02-13,Office Chair,Furniture,South,10,5925.33,59253.3,2026-02
1258,2026-07-13,Office Chair,Furniture,North,6,3152.03,18912.18,2026-07
1259,2026-09-17,Office Chair,Furniture,South,6,3874.44,23246.64,2026-09
1260,2026-07-09,Office Chair,Furniture,East,3,11471.4,34414.2,2026-07
1261,2026-02-13,Office Chair,Furniture,West,6,8053.95,48323.7,2026-02
1262,2026-09-05,Office Chair,Furniture,North,5,4032.19,20160.95,2026-09
1263,2026-04-17,Office Chair,Furniture,South,2,32995.98,65991.96,2026-04
1264,2026-08-21,Office Chair,Furniture,West,7,6792.4,47546.8,2026-08
1265,2026-01-09,Office Chair,Furniture,East,5,5408.72,27043.6,2026-01
1266,2026-01-13,Office Chair,Furniture,South,6,8174.04,49044.24,2026-01
1267,2026-08-17,Office Chair,Furniture,West,3,5952.54,17857.62,2026-08
1268,2026-09-13,Office Chair,Furniture,West,6,3182.42,19094.52,2026-09
1269,2026-09-05,Office Chair,Furniture,West,5,4693.14,23465.7,2026-09
1270,2026-04-09,Office Chair,Furniture,East,6,9143.59,54861.54,2026-04
1271,2026-08-17,Office Chair,Furniture,South,5,11217.03,56085.15,2026-08
1272,2026-02-09,Office Chair,Furniture,East,3,12173.04,36519.12,2026-02
1273,2026-01-21,Office Chair,Furniture,South,2,13311.29,26622.58,2026-01
1274,2026-07-21,Office Chair,Furniture,East,5,7774.94,38874.7,2026-07
1275,2026-06-13,Office Chair,Furniture,West,4,13672.4,54689.6,2026-06
1276,2026-02-09,Office Chair,Furniture,South,5,12702.42,63512.1,2026-02
1277,2026-04-05,Office Chair,Furniture,East,10,5671.75,56717.5,2026-04
1278,2026-08-25,Office Chair,Furniture,West,7,6042.43,42297.01,2026-08
1279,2026-07-05,Office Chair,Furniture,North,6,6798.62,40791.72,2026-07
1280,2026-02-25,Office Chair,Furniture,West,5,7715.37,38576.85,2026-02
1281,2026-01-09,Office Chair,Furniture,South,9,4457.05,40113.45,2026-01
1282,2026-05-21,Office Chair,Furniture,North,2,12080.92,24161.84,2026-05
1283,2026-08-21,Office Chair,Furniture,South,5,9703.93,48519.65,2026-08
1284,2026-02-17,Office Chair,Furniture,North,9,5611.53,50503.77,2026-02
1285,2026-08-25,Office Chair,Furniture,West,6,7708.21,46249.26,2026-08
1286,2026-01-09,Office Chair,Furniture,South,4,13252.08,53008.32,2026-01
1287,2026-02-21,Office Chair,Furniture,North,5,9216.92,46084.6,2026-02
1288,2026-05-25,Office Chair,Furniture,North,5,10630.94,53154.7,2026-05
1289,2026-09-05,Office Chair,Furniture,East,5,2395.93,11979.65,2026-09
1290,2026-05-25,Office Chair,Furniture,East,6,3885.38,23312.28,2026-05
1291,2026-01-25,Office Chair,Furniture,North,8,3818.3,30546.4,2026-01
1292,2026-08-13,Office Chair,Furniture,North,7,6121.11,42847.77,2026-08
1293,2026-03-09,Office Chair,Furniture,East,8,5188.81,41510.48,2026-03
1294,2026-07-09,Office Chair,Furniture,North,10,3478.66,34786.6,2026-07
1295,2026-08-05,Office Chair,Furniture,North,7,4499.71,31497.97,2026-08
1296,2026-04-21,Office Chair,Furniture,East,4,12206.64,48826.56,2026-04
1297,2026-09-17,Office Chair,Furniture,South,6,8040.39,48242.34,2026-09
1298,2026-02-09,Office Chair,Furniture,South,5,13364.51,66822.55,2026-02
1299,2026-08-05,Office Chair,Furniture,North,6,6822.22,40933.32,2026-08
1300,2026-05-05,Office Chair,Furniture,East,6,8149.59,48897.54,2026-05
1301,2026-08-25,Office Chair,Furniture,South,6,10603.26,63619.56,2026-08
1302,2026-01-21,Office Chair,Furniture,West,5,6566.23,32831.15,2026-01
1303,2026-08-05,Office Chair,Furniture,North,6,9289.61,55737.66,2026-08
1304,2026-01-21,Office Chair,Furniture,East,9,5083.27,45749.43,2026-01
1305,2026-07-21,Office Chair,Furniture,South,7,9980.13,69860.91,2026-07
1306,2026-05-17,Office Chair,Furniture,East,5,13351.34,66756.7,2026-05
1307,2026-09-09,Office Chair,Furniture,North,3,8273.66,24820.98,2026-09
1308,2026-08-05,Printer,Office Equipment,West,3,10439.29,31317.87,2026-08
1309,2026-09-17,Printer,Office Equipment,West,7,3886.75,27207.25,2026-09
1310,2026-03-25,Printer,Office Equipment,East,3,12014.91,36044.73,2026-03
1311,2026-08-21,Printer,Office Equipment,North,4,7841.46,31365.84,2026-08
1312,2026-09-05,Printer,Office Equipment,North,5,5579.15,27895.75,2026-09
1313,2026-02-09,Printer,Office Equipment,East,4,13027.69,52110.76,2026-02
1314,2026-07-25,Printer,Office Equipment,West,8,2112.81,16902.48,2026-07
1315,2026-09-05,Printer,Office Equipment,East,4,8521.98,34087.92,2026-09
1316,2026-03-13,Printer,Office Equipment,South,7,11287.38,79011.66,2026-03
1317,2026-08-25,Printer,Office Equipment,West,5,5705.71,28528.55,2026-08
1318,2026-06-17,Printer,Office Equipment,South,8,6688.9,53511.2,2026-06
1319,2026-05-21,Printer,Office Equipment,South,8,13323.05,106584.4,2026-05
1320,2026-01-25,Printer,Office Equipment,South,4,22305.4,89221.6,2026-01
1321,2026-01-09,Printer,Office Equipment,North,4,12174.27,48697.08,2026-01
1322,2026-08-25,Printer,Office Equipment,South,3,24159.86,72479.58,2026-08
1323,2026-08-09,Printer,Office Equipment,South,8,10908.96,87271.68,2026-08
1324,2026-09-13,Printer,Office Equipment,East,7,3283.93,22987.51,2026-09
1325,2026-06-05,Printer,Office Equipment,South,6,8741.51,52449.06,2026-06
1326,2026-01-13,Printer,Office Equipment,East,5,8093.54,40467.7,2026-01
1327,2026-01-13,Printer,Office Equipment,North,6,5383.92,32303.52,2026-01
1328,2026-07-05,Printer,Office Equipment,East,6,4392.48,26354.88,2026-07
1329,2026-03-17,Printer,Office Equipment,North,2,25114.88,50229.76,2026-03
1330,2026-04-25,Printer,Office Equipment,East,5,8674.9,43374.5,2026-04
1331,2026-07-05,Printer,Office Equipment,East,5,7552.28,37761.4,2026-07
1332,2026-01-17,Printer,Office Equipment,South,8,4310.07,34480.56,2026-01
1333,2026-07-13,Printer,Office Equipment,West,6,3551.36,21308.16,2026-07
1334,2026-04-21,Printer,Office Equipment,West,5,13760.51,68802.55,2026-04
1335,2026-07-13,Printer,Office Equipment,East,6,4831.41,28988.46,2026-07
1336,2026-04-13,Printer,Office Equipment,East,6,9891.56,59349.36,2026-04
1337,2026-07-09,Printer,Office Equipment,North,10,3959.42,39594.2,2026-07
1338,2026-09-25,Printer,Office Equipment,East,6,4014.22,24085.32,2026-09
1339,2026-03-09,Printer,Office Equipment,East,6,7378.6,44271.6,2026-03
1340,2026-02-21,Printer,Office Equipment,South,5,21067.25,105336.25,2026-02
1341,2026-06-13,Printer,Office Equipment,South,7,16987.54,118912.78,2026-06
1342,2026-08-13,Printer,Office Equipment,North,3,22964.82,68894.46,2026-08
1343,2026-01-05,Printer,Office Equipment,South,1,57741.34,57741.34,2026-01
1344,2026-08-09,Printer,Office Equipment,South,6,7814.16,46884.96,2026-08
1345,2026-02-05,Printer,Office Equipment,South,2,34147.43,68294.86,2026-02
1346,2026-07-25,Printer,Office Equipment,North,4,10957.76,43831.04,2026-07
1347,2026-08-13,Headphones,Accessories,East,4,4354.59,17418.36,2026-08
1348,2026-03-25,Headphones,Accessories,East,2,4933.58,9867.16,2026-03
1349,2026-07-21,Headphones,Accessories,North,4,2769.15,11076.6,2026-07
1350,2026-07-09,Headphones,Accessories,East,7,1855.82,12990.74,2026-07
1351,2026-06-13,Headphones,Accessories,East,2,8131.45,16262.9,2026-06
1352,2026-07-13,Headphones,Accessories,North,1,5052.09,5052.09,2026-07
1353,2026-09-25,Headphones,Accessories,South,5,1456.43,7282.15,2026-09
1354,2026-05-13,Headphones,Accessories,North,7,1915.09,13405.63,2026-05
1355,2026-09-05,Headphones,Accessories,West,7,1127.18,7890.26,2026-09
1356,2026-02-05,Headphones,Accessories,North,7,3134.06,21938.42,2026-02
1357,2026-07-09,Headphones,Accessories,North,5,1500.14,7500.7,2026-07
1358,2026-07-09,Headphones,Accessories,North,8,889.83,7118.64,2026-07
1359,2026-03-13,Headphones,Accessories,North,5,1860.85,9304.25,2026-03
1360,2026-07-09,Headphones,Accessories,North,6,841.73,5050.38,2026-07
1361,2026-08-25,Headphones,Accessories,East,6,2037.43,12224.58,2026-08
1362,2026-06-25,Headphones,Accessories,East,5,1950.52,9752.6,2026-06
1363,2026-02-13,Headphones,Accessories,North,4,5660.22,22640.88,2026-02
1364,2026-02-17,Headphones,Accessories,East,2,5821.78,11643.56,2026-02
1365,2026-02-09,Headphones,Accessories,North,7,1249.26,8744.82,2026-02
1366,2026-06-21,Headphones,Accessories,North,6,2182.99,13097.94,2026-06
1367,2026-06-17,Headphones,Accessories,East,7,1394.28,9759.96,2026-06
1368,2026-01-21,Headphones,Accessories,East,10,828.44,8284.4,2026-01
1369,2026-06-17,Headphones,Accessories,West,5,2161.35,10806.75,2026-06
1370,2026-04-05,Headphones,Accessories,North,8,1177.08,9416.64,2026-04
1371,2026-02-09,Headphones,Accessories,South,6,4562.92,27377.52,2026-02
1372,2026-01-05,Headphones,Accessories,North,5,2672.03,13360.15,2026-01
1373,2026-05-13,Headphones,Accessories,West,4,1831.2,7324.8,2026-05
1374,2026-08-25,Headphones,Accessories,North,5,2694.94,13474.7,2026-08
1375,2026-06-13,Headphones,Accessories,West,7,881.6,6171.2,2026-06
1376,2026-05-09,Headphones,Accessories,East,3,6371.64,19114.92,2026-05
1377,2026-08-09,Headphones,Accessories,West,9,677.25,6095.25,2026-08
1378,2026-03-05,Headphones,Accessories,North,5,2046.52,10232.6,2026-03
1379,2026-01-17,Headphones,Accessories,West,3,1977.43,5932.29,2026-01
1380,2026-01-13,Headphones,Accessories,South,7,2917.32,20421.24,2026-01
1381,2026-06-05,Headphones,Accessories,West,7,1220.67,8544.69,2026-06
1382,2026-09-25,Headphones,Accessories,West,7,1158.89,8112.23,2026-09
1383,2026-09-17,Headphones,Accessories,South,6,1004.41,6026.46,2026-09
1384,2026-01-21,Headphones,Accessories,South,6,2368.56,14211.36,2026-01
1385,2026-05-21,Headphones,Accessories,East,6,3236.9,19421.4,2026-05
1386,2026-01-17,Headphones,Accessories,West,6,927.81,5566.86,2026-01
1387,2026-05-25,Headphones,Accessories,South,7,2474.73,17323.11,2026-05
1388,2026-06-09,Headphones,Accessories,North,1,10367.39,10367.39,2026-06
1389,2026-06-21,Headphones,Accessories,South,10,2866.66,28666.6,2026-06
1390,2026-05-13,Headphones,Accessories,West,5,2256.89,11284.45,2026-05
1391,2026-02-09,Headphones,Accessories,West,6,2331.85,13991.1,2026-02
1392,2026-01-05,Headphones,Accessories,South,8,2553.2,20425.6,2026-01
1393,2026-07-09,Headphones,Accessories,West,5,1585.31,7926.55,2026-07
1394,2026-01-09,Headphones,Accessories,West,3,3686.07,11058.21,2026-01
1395,2026-06-25,Headphones,Accessories,East,3,4589.21,13767.63,2026-06
1396,2026-08-09,Keyboard,Accessories,East,4,1720.46,6881.84,2026-08
1397,2026-04-17,Keyboard,Accessories,North,10,785.9,7859.0,2026-04
1398,2026-09-25,Keyboard,Accessories,North,6,543.88,3263.28,2026-09
1399,2026-09-21,Keyboard,Accessories,East,8,753.82,6030.56,2026-09
1400,2026-09-25,Keyboard,Accessories,South,3,2610.76,7832.28,2026-09
1401,2026-05-17,Keyboard,Accessories,West,6,1307.29,7843.74,2026-05
1402,2026-07-05,Keyboard,Accessories,South,8,847.21,6777.68,2026-07
1403,2026-05-05,Keyboard,Accessories,East,8,1138.35,9106.8,2026-05
1404,2026-08-13,Keyboard,Accessories,North,4,1113.22,4452.88,2026-08
1405,2026-09-21,Keyboard,Accessories,South,9,814.24,7328.16,2026-09
1406,2026-05-05,Keyboard,Accessories,South,4,4645.15,18580.6,2026-05
1407,2026-02-21,Keyboard,Accessories,North,8,1501.82,12014.56,2026-02
1408,2026-09-09,Keyboard,Accessories,North,5,844.57,4222.85,2026-09
1409,2026-07-09,Keyboard,Accessories,West,4,1910.12,7640.48,2026-07
1410,2026-06-09,Keyboard,Accessories,South,4,4984.3,19937.2,2026-06
1411,2026-01-09,Keyboard,Accessories,East,6,1105.14,6630.84,2026-01
1412,2026-04-25,Keyboard,Accessories,East,1,9046.49,9046.49,2026-04
1413,2026-02-09,Keyboard,Accessories,West,5,1673.84,8369.2,2026-02
1414,2026-04-25,Keyboard,Accessories,South,6,1548.95,9293.7,2026-04
1415,2026-07-13,Keyboard,Accessories,South,5,2675.0,13375.0,2026-07
1416,2026-09-05,Keyboard,Accessories,East,3,1704.02,5112.06,2026-09
1417,2026-01-05,Keyboard,Accessories,West,6,1032.2,6193.2,2026-01
1418,2026-02-21,Keyboard,Accessories,West,2,3836.51,7673.02,2026-02
1419,2026-07-25,Keyboard,Accessories,South,8,648.54,5188.32,2026-07
1420,2026-05-13,Keyboard,Accessories,East,5,1157.8,5789.0,2026-05
1421,2026-07-21,Keyboard,Accessories,North,6,1332.43,7994.58,2026-07
1422,2026-03-25,Keyboard,Accessories,North,10,390.23,3902.3,2026-03
1423,2026-02-21,Keyboard,Accessories,South,8,2507.36,20058.88,2026-02
1424,2026-07-25,Keyboard,Accessories,South,7,1138.0,7966.0,2026-07
1425,2026-05-05,Keyboard,Accessories,East,5,1113.73,5568.65,2026-05
1426,2026-04-25,Keyboard,Accessories,North,6,1950.59,11703.54,2026-04
1427,2026-09-09,Keyboard,Accessories,West,4,1252.86,5011.44,2026-09
1428,2026-08-05,Keyboard,Accessories,North,4,2998.82,11995.28,2026-08
1429,2026-05-25,Keyboard,Accessories,East,7,1497.82,10484.74,2026-05
1430,2026-01-17,Keyboard,Accessories,North,6,1035.57,6213.42,2026-01
1431,2026-06-09,Keyboard,Accessories,North,3,4551.17,13653.51,2026-06
1432,2026-01-21,Keyboard,Accessories,North,4,1388.4,5553.6,2026-01
1433,2026-06-13,Keyboard,Accessories,South,6,2325.84,13955.04,2026-06
1434,2026-04-13,Keyboard,Accessories,East,6,1246.69,7480.14,2026-04
1435,2026-08-13,Keyboard,Accessories,East,10,1034.93,10349.3,2026-08
1436,2026-08-13,Keyboard,Accessories,East,5,2236.16,11180.8,2026-08
1437,2026-01-05,Keyboard,Accessories,South,3,4310.26,12930.78,2026-01
1438,2026-09-13,Keyboard,Accessories,East,7,746.03,5222.21,2026-09
1439,2026-06-05,Keyboard,Accessories,East,5,1526.75,7633.75,2026-06
1440,2026-04-05,Keyboard,Accessories,South,5,1520.41,7602.05,2026-04
1441,2026-05-25,Keyboard,Accessories,South,5,2795.39,13976.95,2026-05
1442,2026-09-25,Keyboard,Accessories,North,6,1036.05,6216.3,2026-09
1443,2026-01-21,Keyboard,Accessories,West,6,1121.37,6728.22,2026-01
1444,2026-01-17,Keyboard,Accessories,West,6,1225.42,7352.52,2026-01
1445,2026-03-25,Keyboard,Accessories,North,7,490.12,3430.84,2026-03
1446,2026-01-05,Keyboard,Accessories,North,8,1229.32,9834.56,2026-01
1447,2026-03-25,Keyboard,Accessories,West,1,8080.68,8080.68,2026-03
1448,2026-09-09,Keyboard,Accessories,South,5,1512.8,7564.0,2026-09
1449,2026-09-25,Keyboard,Accessories,West,6,653.68,3922.08,2026-09
1450,2026-04-09,Keyboard,Accessories,West,6,888.97,5333.82,2026-04
1451,2026-09-05,Keyboard,Accessories,West,7,581.57,4070.99,2026-09
1452,2026-05-17,Keyboard,Accessories,North,4,3223.67,12894.68,2026-05
1453,2026-02-13,Mouse,Accessories,North,6,730.75,4384.5,2026-02
1454,2026-09-09,Mouse,Accessories,South,7,334.68,2342.76,2026-09
1455,2026-09-21,Mouse,Accessories,North,6,208.08,1248.48,2026-09
1456,2026-02-05,Mouse,Accessories,South,6,1042.25,6253.5,2026-02
1457,2026-04-05,Mouse,Accessories,South,7,677.61,4743.27,2026-04
1458,2026-03-13,Mouse,Accessories,East,7,527.28,3690.96,2026-03
1459,2026-02-17,Mouse,Accessories,West,4,967.7,3870.8,2026-02
1460,2026-07-13,Mouse,Accessories,South,5,522.35,2611.75,2026-07
1461,2026-09-05,Mouse,Accessories,South,10,218.2,2182.0,2026-09
1462,2026-02-17,Mouse,Accessories,West,6,689.34,4136.04,2026-02
1463,2026-09-17,Mouse,Accessories,North,10,288.77,2887.7,2026-09
1464,2026-09-21,Mouse,Accessories,South,7,507.78,3554.46,2026-09
1465,2026-01-21,Mouse,Accessories,East,9,518.15,4663.35,2026-01
1466,2026-07-13,Mouse,Accessories,West,6,307.17,1843.02,2026-07
1467,2026-08-21,Mouse,Accessories,East,4,1495.1,5980.4,2026-08
1468,2026-06-17,Mouse,Accessories,North,6,860.68,5164.08,2026-06
1469,2026-03-21,Mouse,Accessories,South,6,928.96,5573.76,2026-03
1470,2026-04-21,Mouse,Accessories,North,5,774.54,3872.7,2026-04
1471,2026-09-25,Mouse,Accessories,West,7,330.19,2311.33,2026-09
1472,2026-07-13,Mouse,Accessories,North,3,1386.52,4159.56,2026-07
1473,2026-03-13,Mouse,Accessories,East,2,867.1,1734.2,2026-03
1474,2026-09-05,Mouse,Accessories,North,4,313.93,1255.72,2026-09
1475,2026-05-25,Mouse,Accessories,East,3,2299.54,6898.62,2026-05
1476,2026-02-13,Mouse,Accessories,North,5,860.67,4303.35,2026-02
1477,2026-05-21,Mouse,Accessories,South,6,1469.21,8815.26,2026-05
1478,2026-09-13,Mouse,Accessories,North,4,601.96,2407.84,2026-09
1479,2026-07-21,Mouse,Accessories,West,3,494.92,1484.76,2026-07
1480,2026-05-17,Mouse,Accessories,South,2,3782.76,7565.52,2026-05
1481,2026-02-09,Mouse,Accessories,West,6,1053.69,6322.14,2026-02
1482,2026-03-13,Mouse,Accessories,East,7,678.84,4751.88,2026-03
1483,2026-04-13,Mouse,Accessories,North,2,1263.84,2527.68,2026-04
1484,2026-08-13,Mouse,Accessories,East,2,2941.92,5883.84,2026-08
1485,2026-02-17,Mouse,Accessories,North,7,1016.14,7112.98,2026-02
1486,2026-01-25,Mouse,Accessories,East,5,949.73,4748.65,2026-01
1487,2026-07-09,Mouse,Accessories,East,6,349.67,2098.02,2026-07
1488,2026-05-17,Mouse,Accessories,West,7,794.96,5564.72,2026-05
1489,2026-06-13,Mouse,Accessories,East,9,518.5,4666.5,2026-06
1490,2026-06-05,Mouse,Accessories,South,6,920.15,5520.9,2026-06
1491,2026-05-09,Mouse,Accessories,West,8,618.13,4945.04,2026-05
1492,2026-04-17,Mouse,Accessories,East,7,447.95,3135.65,2026-04
1493,2026-04-05,Mouse,Accessories,South,4,2734.42,10937.68,2026-04
1494,2026-04-09,Mouse,Accessories,South,5,1490.91,7454.55,2026-04
1495,2026-04-25,Mouse,Accessories,West,4,1273.04,5092.16,2026-04
1496,2026-05-13,Mouse,Accessories,East,5,897.33,4486.65,2026-05
1497,2026-08-17,Mouse,Accessories,South,6,896.16,5376.96,2026-08
1498,2026-05-17,Mouse,Accessories,West,7,340.98,2386.86,2026-05
1499,2026-07-13,Mouse,Accessories,North,4,880.27,3521.08,2026-07
1500,2026-02-05,Mouse,Accessories,South,7,1340.86,9386.02,2026-02
